Strong F,Weak F
-225.01600085284318,-79.11403829652524
-86.03014603908038,-205.04941895987056
