Strong F,Weak F
-316.1934660842574,-78.28403140425954
-86.03014603908038,-284.1960506919128
