Strong F,Weak F
-292.0,-46.0
-62.68233003334206,-167.62325070719817
