Strong F,Weak F
-384.0,-46.0
-64.52237476519261,-242.82059785046818
