Strong Leader,Weak Leader
"[-5.5, 1.5]","(-6.049731484201281, 1.4662008264072206)"
"(-6.04971195077357, 1.5)","[-5.5, 1.5]"
