,Strong Follower,Weak Follower
Strong Leader,-0.04624999999999968,0.20875000000000027
Weak Leader,0.20875000000000027,-0.04624999999999968
