,Strong Follower,Weak Follower
Strong Leader,-36.95868859549277,-9.043330744690106
Weak Leader,-8.043478260869565,-13.043478260869566
