,Strong Follower,Weak Follower
Strong Leader,-16.03078213544325,-7.987303874573689
Weak Leader,-8.573860617098594,-12.444243670837366
