Strong Leader,Weak Leader
"[-9.462793061767455, -9.78929665175811]","(-6.138672015139751, 1.378201176242236)"
"(-6.1386016244092625, 1.5)","[-9.462793061767455, -9.78929665175811]"
