,Strong Follower,Weak Follower
Strong Leader,-0.44237812499999984,-1.745
Weak Leader,-1.745,-0.44237812499999984
