Strong Leader,Weak Leader
"[-41.05419565217392, -34.56236413043479]","(-5.9605434782608695, 1.382608695652174)"
"(-5.9605434782608695, 1.5)","[-41.05419565217392, -34.56236413043479]"
