,Strong Follower,Weak Follower
Strong Leader,-1.7757167433748537,0.20875000000000027
Weak Leader,0.20875000000000027,-1.7757167433748537
