,Strong Follower,Weak Follower
Strong Leader,-16.90651328688701,-8.043478260869565
Weak Leader,-9.233553825741085,-16.816808688409882
