,Strong Follower,Weak Follower
Strong Leader,-36.95868859549277,-7.935781108721934
Weak Leader,-7.953332322832498,-29.941476937043703
