Strong Leader,Weak Leader
"[0.4090714894212627, 0.0]","(1.2000000000000002, 0.0)"
"(2.8999999999999995, 0.0)","[0.4090714894212627, 0.0]"
