Strong Leader,Weak Leader
"[1.0000000000000002, 0.036000000000000004]","(1.0000000000000002, 0.9000000000000001)"
"(1.0000000000000002, 0.0)","[1.0000000000000002, 0.036000000000000004]"
