Strong Leader,Weak Leader
"[0.588735210995478, 0.0]","(1.3000000000000003, 0.0)"
"(3.8, 0.0)","[0.588735210995478, 0.0]"
