Strong Leader,Weak Leader
"[0.32400000000000007, 0.40707360000000004]","(1.0999999999999999, 0.9000000000000001)"
"(1.9999999999999996, 0.0)","[0.0, 0.0]"
