,Strong Follower,Weak Follower
Strong Leader,26.639141291406258,11.325000000000001
Weak Leader,11.325000000000001,26.639141291406258
