Strong Leader,Weak Leader
"[-2.0, -53.5]","(5.317470953125, -18.495219734375)"
"(5.150947903722762, -13.499999999999998)","[-2.0, -53.5]"
