Strong Follower,Weak Follower
-120.09319717132055,-2.0
-2.0,-52.611111111111114
