Strong Leader,Weak Leader
"[39.2075336923077, -219.7917000072116]","(5.5203625, -16.6259)"
"(5.366260021972655, -13.499999999999998)","[-115.97745625000002, -101.10435268750003]"
