Strong Leader,Weak Leader
"[-75.0, -34.571875]","(5.5203625, -16.6259)"
"(5.366260021972655, -13.499999999999998)","[-75.0, -34.571875]"
