Strong Leader,Weak Leader
"[-75.0, -34.571875]","(5.2525405858363285, -19.093448782368363)"
"(5.083776132435183, -13.499999999999998)","[-75.0, -34.571875]"
