Strong Leader,Weak Leader
"[-2.0, -53.5]","(5.265733608671876, -18.971896266640627)"
"(5.097271785706588, -13.499999999999998)","[-2.0, -53.5]"
