,Strong Follower,Weak Follower
Strong Leader,34.990170987902346,11.325000000000001
Weak Leader,11.325000000000001,34.990170987902346
