,Strong Follower,Weak Follower
Strong Leader,8.657978557651985,1.3451467059336828
Weak Leader,0.38867909571280457,6.305822702679869
