Strong Leader,Weak Leader
"[-75.0, -34.571875]","(5.317470953125, -18.495219734375)"
"(5.150947903722762, -13.499999999999998)","[-75.0, -34.571875]"
