Strong Leader,Weak Leader
"[3.499999999999999, -13.499999999999998]","(5.265733608671876, -18.971896266640627)"
"(5.097271785706588, -13.499999999999998)","[3.499999999999999, -13.499999999999998]"
