,Strong Follower,Weak Follower
Strong Leader,7.622631326420706,0.6122033158813275
Weak Leader,3.190901317935028,5.50628856748823
