,Strong Follower,Weak Follower
Strong Leader,3.9693230048356627,1.3451467059336828
Weak Leader,0.38867909571280457,2.7442729666996524
