,Strong Follower,Weak Follower
Strong Leader,12.072913964599358,0.6122033158813274
Weak Leader,-0.329457357166776,8.879078961099506
