Strong Leader,Weak Leader
"[3.5, -13.5]","(20.173752778095707, -39.168547861298826)"
"(19.66735429360573, -13.499999999999998)","[3.5, -13.5]"
