Strong Follower,Weak Follower
125.25059326342148,-100.0
-100.0,-125.25059326342148
