,Strong Follower,Weak Follower
Strong Leader,13.015487500000003,-3.49
Weak Leader,-3.49,13.015487500000003
