,Strong Follower,Weak Follower
Strong Leader,22.647234843750002,11.325000000000001
Weak Leader,11.325000000000001,22.647234843750002
