Strong Leader,Weak Leader
"[20.661425, -46.205725]","(5.317470953125, -18.495219734375)"
"(5.148325883907317, -13.499999999999998)","[-162.15574338478672, -169.83012989360293]"
