Strong Leader,Weak Leader
"[19.657636538461542, -125.81306105769232]","(6.241484375000001, -9.289609375)"
"(6.241484374999999, -13.499999999999998)","[-87.79, -43.648587500000005]"
