Strong Leader,Weak Leader
"[61.96857982312501, -341.3274835904689]","(6.316015625, -9.295234375)"
"(6.149492575597762, -13.499999999999998)","[-162.27027262500002, -169.82608097718756]"
