,Strong Follower,Weak Follower
Strong Leader,125.25059326342148,-100.0
Weak Leader,-100.0,-125.25059326342148
