Strong Leader,Weak Leader
"[-2.0, -53.5]","(5.248043946837313, -19.1348780885602)"
"(5.079223550402705, -13.499999999999998)","[-2.0, -53.5]"
