,Strong Follower,Weak Follower
Strong Leader,188.01275395252526,-100.0
Weak Leader,-100.0,-188.01275395252537
