,Strong Follower,Weak Follower
Strong Leader,1.311343105956637,0.3493245840160335
Weak Leader,0.37,1.3087520000000001
