,Strong Follower,Weak Follower
Strong Leader,-18.008465751354624,-3.0023480713881106
Weak Leader,-3.0023480713881106,-18.008465751354624
