,Strong Follower,Weak Follower
Strong Leader,-17.924190248301304,-2.9948888888858938
Weak Leader,-2.9948888888858938,-17.924190248301304
