,Strong Follower,Weak Follower
Strong Leader,-9.014638500641562,-3.0022592592562574
Weak Leader,-3.0022592592562574,-9.014638500641562
