,Strong Follower,Weak Follower
Strong Leader,-9.015361579563507,-3.002355601324168
Weak Leader,-3.002355601324168,-9.015361579563507
