,Strong Follower,Weak Follower
Strong Leader,-5.984720026660682,-2.9948888888858938
Weak Leader,-2.9948888888858938,-5.984720026660682
