,Strong Follower,Weak Follower
Strong Leader,-18.053420774034745,-3.0022592592562574
Weak Leader,-3.0022592592562574,-18.047833539945835
