,Strong Follower,Weak Follower
Strong Leader,-6.007233847348389,-3.0023571959246986
Weak Leader,-3.0023571959246986,-6.007233847348389
