,Strong Follower,Weak Follower
Strong Leader,-6.00681295009637,-3.0022592592562574
Weak Leader,-3.0022592592562574,-6.00681295009637
