,Strong Follower,Weak Follower
Strong Leader,-8.969547257919919,-2.9948888888858938
Weak Leader,-2.9948888888858938,-8.969547257919919
