,Strong Follower,Weak Follower
Strong Leader,-0.00039506172839505384,0.0
Weak Leader,0.0,-0.00039506172839505384
