,Strong Follower,Weak Follower
Strong Leader,-0.00474074074074069,-0.00474074074074069
Weak Leader,-0.00474074074074069,-0.00474074074074069
