,Strong Follower,Weak Follower
Strong Leader,-1.2307692307692308,-0.3076923076923077
Weak Leader,-0.3076923076923077,-1.2307692307692308
