,Strong Follower,Weak Follower
Strong Leader,-1.5384615384615388,-0.30769230769230793
Weak Leader,-0.3076923076923077,-1.5384615384615385
