,Strong Follower,Weak Follower
Strong Leader,-1.8461538461538463,-0.3076923076923075
Weak Leader,-0.3076923076923077,-1.8461538461538463
