Strong Leader,Weak Leader
"(0, 0)","(-0.3076923076923077, -6.923076923076923)"
"(-0.3076923076923077, -6.923076923076923)","(0, 0)"
