,Strong Follower,Weak Follower
Strong Leader,6.826400696555353,1.4490662022964311
Weak Leader,1.374347755199484,7.138478367200773
