,Strong Follower,Weak Follower
Strong Leader,11.86666666666667,4.44888888888889
Weak Leader,4.533333333333333,12.999999999999998
