,Strong Follower,Weak Follower
Strong Leader,13.916037591905775,2.551885221636098
Weak Leader,4.682083333333333,15.355931041666665
