,Strong Follower,Weak Follower
Strong Leader,7.737992598493449,1.3084915523425675
Weak Leader,1.4168330095651662,8.15475048565225
