Strong Leader,Weak Leader
"[1.3710466975087567, -2.314476651245622]","(7.791835990975105, 5.548566926869238)"
"(6.544935231481489, -0.75)","[1.3710466975087567, -2.314476651245622]"
