Strong Leader,Weak Leader
"[-3056.751306666666, 1231.3956853333336]","(5.972559410511795, 2.623095527153205)"
"(5.798207222222222, -0.75)","[2171.4248431614287, 3997.1595954579243]"
