Strong Leader,Weak Leader
"[-184.6066666666666, 16.604666666666674]","(5.451167512690356, 2.3677664974619286)"
"(5.089499999999998, -0.75)","[199.01040341116754, 270.31581184433156]"
