Strong Leader,Weak Leader
"[5.0, -2.0]","(7.791835990975105, 5.548566926869238)"
"(6.544935231481489, -0.75)","[5.0, -2.0]"
