Strong Leader,Weak Leader
"[-21510.89277171385, 26132.242749771805]","(-2.8937548335072054, 83.92397463208766)"
"(-2.5, 44.0)","[-17594.637155297532, 2317.9286252154775]"
