Strong Leader,Weak Leader
"[-1.0, 33.60639066407335]","(-3.865158987143461, 114.68695094851684)"
"(-4.0, 33.0)","[-1.0, 33.60639066407335]"
