,Strong Follower,Weak Follower
Strong Leader,16.228655330000006,4.9975000000000005
Weak Leader,4.9975000000000005,16.228655330000006
