Strong Leader,Weak Leader
"[-1.0, 33.40202855847688]","(-2.893754833507205, 83.92397463208765)"
"(-2.5, 44.0)","[-1.0, 33.40202855847688]"
