Strong Leader,Weak Leader
"[-1.0, -50.0]","(-1.9869683008338468, 65.1051780847474)"
"(-2.0, 33.0)","[-3558.4092888243836, 579.027188319332]"
