,Strong Follower,Weak Follower
Strong Leader,16.228655330000006,3.2483500000000003
Weak Leader,3.2483500000000003,16.228655330000006
