,State of the Art,State of the Art,State of the Art,PBVI,PBVI,PBVI
,time,value,iteration,time,value,iteration
dectiger(0),0.0037450790405273438,"(0.0, 0.0)",3,0.06290602684020996,"(0.0, 0.0)",3
dectiger(1),0.016158103942871094,"(9.0, 9.0)",3,0.21906805038452148,"(9.0, 9.0)",3
dectiger(2),0.032156944274902344,"(11.325000000000001, 11.325000000000001)",3,0.47730016708374023,"(11.325000000000001, 11.325000000000001)",3
