,State of the Art,State of the Art,State of the Art,PBVI,PBVI,PBVI
,time,value,iteration,time,value,iteration
relay4(0),0.9336588382720947,"(7.409999999999998, 7.409999999999998)",3,4.709342956542969,"(7.409999999999998, 7.409999999999998)",3
relay4(1),0.9231610298156738,"(7.409999999999998, 7.409999999999998)",3,4.689475774765015,"(7.409999999999998, 7.409999999999998)",3
relay4(2),0.9223310947418213,"(7.409999999999998, 7.409999999999998)",3,4.711463928222656,"(7.409999999999998, 7.409999999999998)",3
relay4(3),0.901461124420166,"(7.409999999999998, 7.409999999999998)",3,4.664090156555176,"(7.409999999999998, 7.409999999999998)",3
