,State of the Art,State of the Art,State of the Art,PBVI,PBVI,PBVI
,time,value,iteration,time,value,iteration
dectiger(0),0.05082130432128906,"(11.325000000000001, 11.325000000000001)",3,0.4043121337890625,"(11.325000000000001, 11.325000000000001)",3
dectiger(1),0.05029892921447754,"(11.325000000000001, 11.325000000000001)",3,0.4486830234527588,"(11.325000000000001, 11.325000000000001)",3
dectiger(2),0.05060386657714844,"(11.325000000000001, 11.325000000000001)",3,0.38349485397338867,"(11.325000000000001, 11.325000000000001)",3
