,State of the Art,State of the Art,State of the Art,PBVI,PBVI,PBVI
,time,value,iteration,time,value,iteration
dectiger(0),0.06270694732666016,"(11.325000000000001, 11.325000000000001)",3,0.5713379383087158,"(11.325000000000001, 11.325000000000001)",3
dectiger(1),0.06232905387878418,"(11.325000000000001, 11.325000000000001)",3,0.6155951023101807,"(11.325000000000001, 11.325000000000001)",3
dectiger(2),0.06238293647766113,"(11.325000000000001, 11.325000000000001)",3,0.5633747577667236,"(11.325000000000001, 11.325000000000001)",3
dectiger(3),0.06210589408874512,"(11.325000000000001, 11.325000000000001)",3,0.5862758159637451,"(11.325000000000001, 11.325000000000001)",3
dectiger(4),0.062187910079956055,"(11.325000000000001, 11.325000000000001)",3,0.6159470081329346,"(11.325000000000001, 11.325000000000001)",3
