,State of the Art,State of the Art,State of the Art,PBVI,PBVI,PBVI
,time,value,iteration,time,value,iteration
dectiger(0),0.4511399269104004,"(6.241484374999999, -13.499999999999998)",3,0.38217806816101074,"(6.241484375000001, -9.289609375)",3
dectiger(1),0.43302106857299805,"(6.241484374999999, -13.499999999999998)",3,0.39232325553894043,"(6.241484375000001, -9.289609375)",3
dectiger(2),0.46406030654907227,"(6.241484374999999, -13.499999999999998)",3,0.4164590835571289,"(6.241484375000001, -9.289609375)",3
