,State of the Art,State of the Art,State of the Art,PBVI,PBVI,PBVI
,time,value,iteration,time,value,iteration
dectiger(0),0.08033609390258789,"(0.0, -42.78846153846154)",3,0.050157785415649414,"(0.0, 0.0)",3
dectiger(1),0.2905280590057373,"(3.499999999999999, -13.499999999999998)",3,0.24240589141845703,"(3.499999999999999, -13.499999999999998)",3
dectiger(2),0.6524968147277832,"(6.241484374999999, -13.499999999999998)",3,0.4950981140136719,"(6.241484375000001, -9.289609375)",3
