,State of the Art,State of the Art,State of the Art,PBVI,PBVI,PBVI
,time,value,iteration,time,value,iteration
broadcastChannel(0),0.6319069862365723,"(1.9999999999999996, 0.0)",3,0.5379841327667236,"(1.0999999999999999, 0.9000000000000001)",3
broadcastChannel(1),0.6270308494567871,"(1.9999999999999996, 0.0)",3,0.5513701438903809,"(1.0999999999999999, 0.9000000000000001)",3
broadcastChannel(2),0.5955631732940674,"(1.9999999999999996, 0.0)",3,0.5920219421386719,"(1.0999999999999999, 0.9000000000000001)",3
