,State of the Art,State of the Art,State of the Art,PBVI,PBVI,PBVI
,time,value,iteration,time,value,iteration
relay4(0),0.09440779685974121,"(0.0, 26.71084337349398)",3,0.0812997817993164,"(0.0, 0.0)",3
relay4(1),0.4739038944244385,"(-1.0, 35.75)",3,0.44384217262268066,"(-1.0, 35.75)",3
relay4(2),1.9890618324279785,"(-2.0, 33.0)",3,1.7737369537353516,"(-1.9869683008338468, 65.1051780847474)",3
