,State of the Art,State of the Art,State of the Art,PBVI,PBVI,PBVI
,time,value,iteration,time,value,iteration
dectiger(0),0.06643009185791016,"(0.0, -42.78846153846154)",3,0.0553128719329834,"(0.0, 0.0)",3
dectiger(1),0.2854752540588379,"(3.499999999999999, -13.499999999999998)",3,0.23714303970336914,"(3.499999999999999, -13.499999999999998)",3
dectiger(2),0.6074769496917725,"(6.241484374999999, -13.499999999999998)",3,0.6101338863372803,"(6.241484375000001, -9.289609375)",3
