,State of the Art,State of the Art,State of the Art,PBVI,PBVI,PBVI
,time,value,iteration,time,value,iteration
broadcastChannel(0),0.6431009769439697,"(0.620162932790224, -0.620162932790224)",3,0.44735193252563477,"(0.620162932790224, -0.620162932790224)",3
broadcastChannel(1),0.636584997177124,"(0.620162932790224, -0.620162932790224)",3,0.5091631412506104,"(0.620162932790224, -0.620162932790224)",3
broadcastChannel(2),0.6714119911193848,"(0.620162932790224, -0.620162932790224)",3,0.44889020919799805,"(0.620162932790224, -0.620162932790224)",3
