,State of the Art,State of the Art,State of the Art,PBVI,PBVI,PBVI
,time,value,iteration,time,value,iteration
dectiger(0),0.0916299819946289,"(0.0, 0.0)",3,0.06673002243041992,"(0.0, 0.0)",3
dectiger(1),0.3809628486633301,"(-75.0, 75.0)",3,0.28214406967163086,"(-74.99999999999999, 74.99999999999999)",3
dectiger(2),0.7598080635070801,"(-75.0, 75.0)",3,0.7094070911407471,"(-75.0, 75.0)",3
