,State of the Art,State of the Art,State of the Art,PBVI,PBVI,PBVI
,time,value,iteration,time,value,iteration
dectiger(0),0.09003686904907227,"(0.0, 0.0)",3,0.06625199317932129,"(0.0, 0.0)",3
dectiger(1),0.38263821601867676,"(-75.0, 75.0)",3,0.267103910446167,"(-74.99999999999999, 74.99999999999999)",3
dectiger(2),0.7438108921051025,"(-75.0, 75.0)",3,0.5759761333465576,"(-75.0, 75.0)",3
