,State of the Art,State of the Art,State of the Art,PBVI,PBVI,PBVI
,time,value,iteration,time,value,iteration
relay4(0),0.1317901611328125,"(0.0, 0.0)",3,0.08804512023925781,"(0.0, 0.0)",3
relay4(1),0.645535945892334,"(-50.0, 50.0)",3,0.450531005859375,"(-50.0, 50.0)",3
relay4(2),2.5105578899383545,"(-50.0, 50.0)",3,1.8032619953155518,"(-50.85878962536023, 50.85878962536023)",3
