gametype,SOTA,horizon,num_iterations,average_time,number_of_beliefs,leader_value_b0,follower_value_b0
zerosum,True,1,2,0.532562255859375,4,"[-89.48889909376278, -89.48889909376278, -89.48889909376278]","[-89.48889909376278, -89.48889909376278, -89.48889909376278]"
zerosum,True,2,2,1.5020480155944824,7,"[-135.3199844717268, -135.3199844717268, -135.3199844717268]","[-135.3199844717268, -135.3199844717268, -135.3199844717268]"
zerosum,True,3,2,2.9746241569519043,10,"[-171.7396454699106, -171.7396454699106, -171.7396454699106]","[-171.7396454699106, -171.7396454699106, -171.7396454699106]"
zerosum,False,1,2,0.4696078300476074,4,"[-88.22274983811783, -88.22274983811783, -88.22274983811783]","[88.22274983811783, 88.22274983811783, 88.22274983811783]"
zerosum,False,2,2,1.312134027481079,7,"[-125.27610544112889, -125.27610544112889, -125.27610544112889]","[125.27610544112889, 125.27610544112889, 125.27610544112889]"
zerosum,False,3,2,2.411900043487549,10,"[-158.29242837311756, -158.29242837311756, -158.29242837311756]","[158.29242837311756, 158.29242837311756, 158.29242837311756]"
