gametype,SOTA,horizon,num_iterations,average_time,number_of_beliefs,leader_value_b0,follower_value_b0
zerosum,False,1,2,0.7355051040649414,4,"[-88.22274983811783, -88.22274983811783, -88.22274983811783]","[88.22274983811783, 88.22274983811783, 88.22274983811783]"
zerosum,True,1,2,0.7969198226928711,4,"[-89.48889909376278, -89.48889909376278, -89.48889909376278]","[-89.48889909376278, -89.48889909376278, -89.48889909376278]"
