gametype,SOTA,horizon,num_iterations,average_time,number_of_beliefs,leader_value_b0,follower_value_b0
zerosum,False,1,2,0.13292789459228516,4,[-4.0],[200.0]
zerosum,False,2,2,0.23361778259277344,7,[-5.999999999999999],[299.99999999999994]
zerosum,False,3,2,0.5793530941009521,10,[-7.999999999999999],[400.0]
zerosum,False,4,2,0.6790342330932617,13,[-10.0],[500.0]
zerosum,True,1,2,0.1193997859954834,4,[-4.0],[-4.0]
zerosum,True,2,2,0.3568699359893799,7,[-6.0],[-6.0]
zerosum,True,3,2,0.4629240036010742,10,[-7.999999999999999],[-7.999999999999999]
zerosum,True,4,2,0.6259217262268066,13,[-10.0],[-10.0]
