gametype,SOTA,horizon,num_iterations,average_time,number_of_beliefs,ave_leader_value_b0,ave_follower_value_b0
zerosum,Stackelberg,1,2,0.16386890411376953,4,[-88.22274983811785],[88.22274983811785]
zerosum,State of the Art,1,2,0.09489583969116211,4,[-89.4888990937628],[-89.4888990937628]
zerosum,Stackelberg,2,2,0.12970805168151855,7,[-125.25059326342148],[125.25059326342148]
zerosum,State of the Art,2,2,0.19819092750549316,7,[-135.3199844717268],[-135.3199844717268]
stackelberg,Stackelberg,1,2,0.0875709056854248,4,[3.468480039267017],[-78.47541939354277]
stackelberg,State of the Art,1,2,0.15834593772888184,4,[2.4107554144557923],[-52.611111111111114]
stackelberg,Stackelberg,2,2,0.17824101448059082,7,[3.9693230048356627],[-113.57303189445173]
stackelberg,State of the Art,2,2,0.15601682662963867,7,[2.7442729666996524],[-52.611111111111114]
