gametype,SOTA,horizon,num_iterations,average_time,number_of_beliefs,leader_value_b0,follower_value_b0
zerosum,False,1,2,0.1773381233215332,4,[-4.0],[200.0]
zerosum,False,2,2,0.24219512939453125,7,[-5.999999999999999],[299.99999999999994]
zerosum,False,3,2,0.3520681858062744,10,[-7.999999999999999],[400.0]
zerosum,True,1,2,0.13937878608703613,4,[-4.0],[-4.0]
zerosum,True,2,2,0.3533198833465576,7,[-6.0],[-6.0]
zerosum,True,3,2,0.4747750759124756,10,[-7.999999999999999],[-7.999999999999999]
